path,row,index,season,category,type
330_2_2024_V_0_2,330,2,V,0,2
60_1_2024_V_1_1,60,1,V,1,1
365_2_2024_V_0_3,365,2,V,0,3
240_0_2024_V_0_2,240,0,V,0,2
315_2_2024_V_0_3,315,2,V,0,3
115_2_2023_I_0_3,115,2,I,0,3
113_0_2024_V_0_2,113,0,V,0,2
288_2_2023_V_0_3,288,2,V,0,3
136_0_2024_V_4_1,136,0,V,4,1
238_0_2024_V_0_3,238,0,V,0,3
279_0_2023_I_0_1,279,0,I,0,1
153_1_2024_W_0_1,153,1,W,0,1
89_1_2024_V_0_3,89,1,V,0,3
429_1_2024_V_0_3,429,1,V,0,3
170_0_2023_I_0_2,170,0,I,0,2
158_1_2024_V_0_1,158,1,V,0,1
256_2_2024_V_0_3,256,2,V,0,3
333_2_2024_V_0_1,333,2,V,0,1
387_0_2023_I_0_3,387,0,I,0,3
43_0_2024_W_0_1,43,0,W,0,1
251_1_2024_V_0_1,251,1,V,0,1
294_1_2024_V_4_1,294,1,V,4,1
146_1_2024_V_0_1,146,1,V,0,1
322_2_2024_V_0_3,322,2,V,0,3
118_2_2024_V_0_3,118,2,V,0,3
293_2_2024_V_0_3,293,2,V,0,3
104_2_2024_V_0_2,104,2,V,0,2
51_1_2024_V_0_2,51,1,V,0,2
354_2_2024_V_0_2,354,2,V,0,2
15_0_2023_I_0_3,15,0,I,0,3
410_2_2024_V_0_2,410,2,V,0,2
183_1_2024_V_4_1,183,1,V,4,1
241_2_2024_V_1_3,241,2,V,1,3
77_1_2023_I_0_3,77,1,I,0,3
415_0_2024_W_1_3,415,0,W,1,3
199_0_2024_V_0_3,199,0,V,0,3
452_0_2024_V_0_1,452,0,V,0,1
304_0_2024_V_0_1,304,0,V,0,1
193_2_2023_I_0_1,193,2,I,0,1
22_0_2024_V_0_1,22,0,V,0,1
259_0_2024_V_0_3,259,0,V,0,3
427_2_2024_V_0_3,427,2,V,0,3
371_1_2024_V_0_3,371,1,V,0,3
96_1_2024_V_0_1,96,1,V,0,1
348_0_2023_S_0_2,348,0,S,0,2
7_1_2024_V_4_1,7,1,V,4,1
143_2_2023_V_0_1,143,2,V,0,1
29_0_2024_V_0_3,29,0,V,0,3
378_0_2022_I_4_1,378,0,I,4,1
3_2_2024_V_0_2,3,2,V,0,2
135_2_2024_V_0_2,135,2,V,0,2
37_0_2024_V_0_2,37,0,V,0,2
281_0_2024_V_0_3,281,0,V,0,3
244_2_2024_V_0_3,244,2,V,0,3
366_0_2023_I_4_1,366,0,I,4,1
144_2_2024_W_0_1,144,2,W,0,1
294_0_2024_V_4_1,294,0,V,4,1
362_1_2022_V_4_1,362,1,V,4,1
119_0_2022_I_4_1,119,0,I,4,1
108_2_2024_V_0_3,108,2,V,0,3
299_2_2024_V_0_2,299,2,V,0,2
63_1_2024_V_4_1,63,1,V,4,1
214_2_2024_V_0_1,214,2,V,0,1
351_0_2024_V_4_1,351,0,V,4,1
67_1_2024_W_0_1,67,1,W,0,1
257_1_2024_V_0_3,257,1,V,0,3
193_1_2023_I_0_1,193,1,I,0,1
352_1_2024_V_4_1,352,1,V,4,1
244_1_2024_V_0_3,244,1,V,0,3
252_1_2023_I_0_1,252,1,I,0,1
19_1_2024_V_0_1,19,1,V,0,1
88_1_2024_V_1_1,88,1,V,1,1
432_1_2023_I_0_3,432,1,I,0,3
161_2_2023_I_1_1,161,2,I,1,1
100_0_2023_I_0_1,100,0,I,0,1
250_1_2024_V_1_3,250,1,V,1,3
447_0_2024_V_0_3,447,0,V,0,3
234_0_2024_V_0_2,234,0,V,0,2
0_2_2024_V_0_3,0,2,V,0,3
456_2_2023_I_2_1,456,2,I,2,1
110_0_2024_V_0_2,110,0,V,0,2
334_0_2024_V_0_2,334,0,V,0,2
442_0_2024_V_1_3,442,0,V,1,3
265_0_2023_I_0_2,265,0,I,0,2
325_0_2024_V_0_3,325,0,V,0,3
303_1_2024_W_1_2,303,1,W,1,2
397_1_2023_I_0_2,397,1,I,0,2
468_0_2024_V_4_1,468,0,V,4,1
225_1_2024_V_0_3,225,1,V,0,3
154_0_2024_V_0_2,154,0,V,0,2
142_0_2024_V_1_1,142,0,V,1,1
462_1_2024_V_0_2,462,1,V,0,2
54_1_2024_V_4_1,54,1,V,4,1
157_2_2024_V_1_1,157,2,V,1,1
64_1_2024_V_0_3,64,1,V,0,3
198_2_2024_V_0_1,198,2,V,0,1
445_2_2024_V_0_3,445,2,V,0,3
410_1_2024_V_0_2,410,1,V,0,2
227_1_2024_V_0_3,227,1,V,0,3
380_0_2024_V_4_1,380,0,V,4,1
60_0_2024_V_1_1,60,0,V,1,1
300_1_2024_V_0_3,300,1,V,0,3
49_0_2024_V_0_2,49,0,V,0,2
154_2_2024_V_0_2,154,2,V,0,2
471_0_2023_I_0_3,471,0,I,0,3
31_0_2024_V_0_3,31,0,V,0,3
305_1_2024_V_0_2,305,1,V,0,2
437_1_2024_V_0_3,437,1,V,0,3
366_1_2023_I_4_1,366,1,I,4,1
160_0_2024_V_0_1,160,0,V,0,1
289_1_2024_V_0_1,289,1,V,0,1
9_0_2024_V_4_1,9,0,V,4,1
208_1_2024_V_0_1,208,1,V,0,1
75_2_2024_V_0_1,75,2,V,0,1
239_1_2024_V_0_2,239,1,V,0,2
267_0_2024_V_4_1,267,0,V,4,1
135_1_2024_V_0_2,135,1,V,0,2
398_2_2023_I_0_2,398,2,I,0,2
403_1_2024_W_0_3,403,1,W,0,3
97_1_2024_V_0_1,97,1,V,0,1
320_0_2024_V_1_3,320,0,V,1,3
402_2_2024_V_1_2,402,2,V,1,2
87_1_2024_V_0_3,87,1,V,0,3
343_1_2024_V_1_2,343,1,V,1,2
210_0_2024_V_1_1,210,0,V,1,1
302_2_2023_I_0_2,302,2,I,0,2
341_2_2023_I_0_2,341,2,I,0,2
80_2_2023_I_0_3,80,2,I,0,3
162_2_2024_V_0_3,162,2,V,0,3
246_0_2024_V_0_1,246,0,V,0,1
85_0_2024_V_0_3,85,0,V,0,3
12_1_2023_I_1_3,12,1,I,1,3
167_0_2023_I_0_3,167,0,I,0,3
127_2_2024_V_0_1,127,2,V,0,1
236_2_2024_V_0_2,236,2,V,0,2
149_0_2024_W_0_1,149,0,W,0,1
406_0_2024_V_4_1,406,0,V,4,1
444_2_2024_V_0_3,444,2,V,0,3
120_1_2024_V_2_1,120,1,V,2,1
211_2_2024_V_0_3,211,2,V,0,3
22_1_2024_V_0_1,22,1,V,0,1
377_0_2024_V_0_1,377,0,V,0,1
13_0_2024_V_1_3,13,0,V,1,3
262_0_2024_V_0_3,262,0,V,0,3
139_1_2024_V_0_1,139,1,V,0,1
290_2_2024_W_1_2,290,2,W,1,2
212_1_2024_V_0_3,212,1,V,0,3
125_1_2024_V_1_2,125,1,V,1,2
39_2_2024_V_0_1,39,2,V,0,1
424_0_2024_V_0_3,424,0,V,0,3
28_1_2024_V_4_1,28,1,V,4,1
352_0_2024_V_4_1,352,0,V,4,1
285_1_2024_W_0_1,285,1,W,0,1
44_1_2024_V_0_1,44,1,V,0,1
178_0_2023_V_0_3,178,0,V,0,3
117_2_2024_V_0_3,117,2,V,0,3
33_1_2024_V_0_2,33,1,V,0,2
28_0_2024_V_4_1,28,0,V,4,1
340_1_2024_V_0_1,340,1,V,0,1
259_1_2024_V_0_3,259,1,V,0,3
195_2_2023_I_0_2,195,2,I,0,2
117_0_2024_V_0_3,117,0,V,0,3
2_1_2024_V_0_1,2,1,V,0,1
408_2_2024_V_0_2,408,2,V,0,2
249_1_2023_I_0_3,249,1,I,0,3
435_1_2023_I_0_2,435,1,I,0,2
147_0_2023_S_0_1,147,0,S,0,1
376_2_2023_I_2_3,376,2,I,2,3
421_1_2024_V_0_3,421,1,V,0,3
123_0_2024_V_0_3,123,0,V,0,3
254_1_2024_V_4_1,254,1,V,4,1
85_2_2024_V_0_3,85,2,V,0,3
92_1_2024_V_0_2,92,1,V,0,2
371_0_2024_V_0_3,371,0,V,0,3
222_1_2024_V_0_3,222,1,V,0,3
402_1_2024_V_1_2,402,1,V,1,2
40_0_2024_V_0_1,40,0,V,0,1
436_0_2024_V_0_3,436,0,V,0,3
270_0_2023_I_0_2,270,0,I,0,2
15_1_2023_I_0_3,15,1,I,0,3
188_1_2024_V_0_3,188,1,V,0,3
407_1_2024_V_0_3,407,1,V,0,3
86_1_2023_I_0_2,86,1,I,0,2
91_0_2024_V_1_3,91,0,V,1,3
115_1_2023_I_0_3,115,1,I,0,3
364_0_2024_V_0_2,364,0,V,0,2
233_0_2024_V_4_1,233,0,V,4,1
228_0_2024_V_0_1,228,0,V,0,1
397_0_2023_I_0_2,397,0,I,0,2
173_1_2024_V_4_1,173,1,V,4,1
99_1_2024_V_0_1,99,1,V,0,1
450_1_2024_V_0_2,450,1,V,0,2
297_1_2023_I_0_1,297,1,I,0,1
284_0_2024_W_0_1,284,0,W,0,1
81_1_2024_V_0_3,81,1,V,0,3
169_0_2024_V_1_1,169,0,V,1,1
381_0_2024_V_0_3,381,0,V,0,3
138_2_2024_W_0_1,138,2,W,0,1
18_0_2024_V_0_1,18,0,V,0,1
445_1_2024_V_0_3,445,1,V,0,3
107_0_2024_V_0_2,107,0,V,0,2
129_0_2024_W_0_3,129,0,W,0,3
68_1_2023_I_1_2,68,1,I,1,2
269_2_2022_V_2_1,269,2,V,2,1
95_1_2024_V_1_1,95,1,V,1,1
358_2_2023_S_1_3,358,2,S,1,3
323_2_2023_W_1_2,323,2,W,1,2
166_2_2024_V_0_3,166,2,V,0,3
405_2_2023_W_1_2,405,2,W,1,2
222_0_2024_V_0_3,222,0,V,0,3
60_2_2024_V_1_1,60,2,V,1,1
42_1_2024_V_4_1,42,1,V,4,1
145_1_2024_V_0_1,145,1,V,0,1
8_2_2024_V_0_1,8,2,V,0,1
14_0_2024_V_4_1,14,0,V,4,1
323_1_2023_S_1_2,323,1,S,1,2
281_2_2024_V_0_3,281,2,V,0,3
373_2_2023_I_0_2,373,2,I,0,2
134_2_2023_I_0_3,134,2,I,0,3
56_1_2024_V_0_1,56,1,V,0,1
378_1_2022_I_4_1,378,1,I,4,1
206_0_2024_V_0_1,206,0,V,0,1
365_0_2024_V_0_3,365,0,V,0,3
389_1_2024_V_0_3,389,1,V,0,3
15_2_2023_I_0_3,15,2,I,0,3
312_2_2024_V_0_3,312,2,V,0,3
291_2_2024_V_0_2,291,2,V,0,2
390_1_2024_V_0_2,390,1,V,0,2
58_2_2024_V_1_1,58,2,V,1,1
196_2_2024_V_0_2,196,2,V,0,2
304_2_2024_V_0_1,304,2,V,0,1
133_1_2024_V_0_3,133,1,V,0,3
144_1_2024_W_0_1,144,1,W,0,1
393_0_2023_I_0_1,393,0,I,0,1
114_1_2024_W_0_3,114,1,W,0,3
97_0_2024_V_0_1,97,0,V,0,1
426_0_2024_V_0_3,426,0,V,0,3
344_1_2024_V_0_1,344,1,V,0,1
392_0_2024_V_0_2,392,0,V,0,2
148_0_2023_I_4_1,148,0,I,4,1
51_2_2024_V_0_2,51,2,V,0,2
95_2_2024_V_1_1,95,2,V,1,1
225_0_2024_V_0_3,225,0,V,0,3
466_0_2023_I_0_3,466,0,I,0,3
96_0_2024_V_0_1,96,0,V,0,1
269_1_2022_V_2_1,269,1,V,2,1
181_1_2023_I_0_1,181,1,I,0,1
103_0_2024_V_1_3,103,0,V,1,3
74_1_2024_V_0_1,74,1,V,0,1
471_1_2023_I_0_3,471,1,I,0,3
159_0_2023_I_0_3,159,0,I,0,3
136_1_2024_V_4_1,136,1,V,4,1
247_1_2023_I_0_2,247,1,I,0,2
441_0_2024_V_1_3,441,0,V,1,3
45_0_2024_W_0_1,45,0,W,0,1
400_1_2023_I_0_1,400,1,I,0,1
17_2_2023_V_0_3,17,2,V,0,3
230_0_2024_V_0_3,230,0,V,0,3
52_0_2023_I_0_3,52,0,I,0,3
314_1_2024_V_4_1,314,1,V,4,1
283_1_2024_W_0_1,283,1,W,0,1
144_0_2024_W_0_1,144,0,W,0,1
112_2_2024_V_0_3,112,2,V,0,3
111_1_2024_V_1_1,111,1,V,1,1
335_2_2024_V_0_1,335,2,V,0,1
192_1_2023_V_2_3,192,1,V,2,3
324_1_2024_V_0_3,324,1,V,0,3
143_1_2023_I_0_1,143,1,I,0,1
373_0_2023_I_0_2,373,0,I,0,2
305_0_2024_V_0_2,305,0,V,0,2
308_1_2024_V_0_1,308,1,V,0,1
56_2_2024_V_0_1,56,2,V,0,1
295_2_2023_I_0_1,295,2,I,0,1
392_2_2024_V_0_2,392,2,V,0,2
253_2_2024_V_0_2,253,2,V,0,2
331_0_2024_V_0_3,331,0,V,0,3
342_2_2024_V_0_1,342,2,V,0,1
443_2_2024_V_0_3,443,2,V,0,3
189_1_2024_V_1_2,189,1,V,1,2
189_2_2024_V_1_2,189,2,V,1,2
184_0_2024_V_0_2,184,0,V,0,2
23_1_2024_V_0_2,23,1,V,0,2
76_0_2024_V_0_2,76,0,V,0,2
5_0_2024_V_0_2,5,0,V,0,2
400_0_2023_I_0_1,400,0,I,0,1
188_2_2024_V_0_3,188,2,V,0,3
73_0_2024_V_0_3,73,0,V,0,3
17_0_2023_V_0_3,17,0,V,0,3
374_0_2023_I_0_1,374,0,I,0,1
444_0_2024_V_0_3,444,0,V,0,3
461_2_2024_V_0_2,461,2,V,0,2
236_1_2024_V_0_2,236,1,V,0,2
155_0_2024_V_0_3,155,0,V,0,3
399_0_2023_I_0_1,399,0,I,0,1
189_0_2024_V_1_2,189,0,V,1,2
311_1_2024_V_0_3,311,1,V,0,3
296_2_2023_I_0_2,296,2,I,0,2
227_2_2024_V_0_3,227,2,V,0,3
385_1_2024_V_1_3,385,1,V,1,3
260_1_2024_V_0_3,260,1,V,0,3
171_1_2024_V_0_3,171,1,V,0,3
61_0_2024_V_0_3,61,0,V,0,3
274_0_2024_V_0_3,274,0,V,0,3
386_0_2024_W_0_1,386,0,W,0,1
206_1_2024_V_0_1,206,1,V,0,1
150_0_2022_I_4_1,150,0,I,4,1
219_0_2024_V_4_1,219,0,V,4,1
181_0_2023_I_0_1,181,0,I,0,1
174_0_2024_W_0_3,174,0,W,0,3
459_1_2024_V_1_1,459,1,V,1,1
13_1_2024_V_1_3,13,1,V,1,3
379_0_2023_I_2_2,379,0,I,2,2
214_1_2024_V_0_1,214,1,V,0,1
328_1_2024_V_0_1,328,1,V,0,1
308_0_2024_V_0_1,308,0,V,0,1
106_2_2024_V_1_2,106,2,V,1,2
229_1_2024_V_0_2,229,1,V,0,2
186_1_2024_V_0_3,186,1,V,0,3
248_1_2024_V_0_3,248,1,V,0,3
42_0_2024_V_4_1,42,0,V,4,1
430_1_2024_V_0_3,430,1,V,0,3
224_1_2024_V_0_3,224,1,V,0,3
384_0_2023_V_4_1,384,0,V,4,1
422_2_2024_V_1_1,422,2,V,1,1
327_0_2023_I_4_1,327,0,I,4,1
421_0_2024_V_0_3,421,0,V,0,3
350_2_2024_V_0_1,350,2,V,0,1
442_1_2024_V_1_3,442,1,V,1,3
98_0_2024_V_0_2,98,0,V,0,2
258_1_2024_V_0_2,258,1,V,0,2
89_2_2024_V_0_3,89,2,V,0,3
59_0_2024_V_0_2,59,0,V,0,2
186_0_2024_V_0_3,186,0,V,0,3
179_2_2024_V_0_1,179,2,V,0,1
38_0_2024_V_0_1,38,0,V,0,1
356_2_2024_V_0_1,356,2,V,0,1
150_1_2022_I_4_1,150,1,I,4,1
265_1_2023_I_0_2,265,1,I,0,2
167_2_2023_I_0_3,167,2,I,0,3
172_0_2024_V_0_1,172,0,V,0,1
93_1_2024_V_0_2,93,1,V,0,2
64_0_2024_V_0_3,64,0,V,0,3
431_2_2024_V_0_2,431,2,V,0,2
20_1_2024_V_4_1,20,1,V,4,1
128_0_2024_V_0_3,128,0,V,0,3
325_2_2024_V_0_3,325,2,V,0,3
459_0_2024_V_1_1,459,0,V,1,1
203_0_2024_V_0_3,203,0,V,0,3
433_1_2024_V_0_1,433,1,V,0,1
91_1_2024_V_1_3,91,1,V,1,3
4_1_2024_V_0_2,4,1,V,0,2
163_0_2024_V_4_1,163,0,V,4,1
334_2_2024_V_0_2,334,2,V,0,2
16_1_2024_V_0_3,16,1,V,0,3
83_2_2024_W_1_1,83,2,W,1,1
394_0_2024_V_0_1,394,0,V,0,1
87_2_2024_V_0_3,87,2,V,0,3
170_2_2023_I_0_2,170,2,I,0,2
131_1_2024_V_0_1,131,1,V,0,1
10_2_2024_V_0_3,10,2,V,0,3
119_1_2022_I_4_1,119,1,I,4,1
58_1_2024_V_1_1,58,1,V,1,1
325_1_2024_V_0_3,325,1,V,0,3
83_0_2024_W_1_1,83,0,W,1,1
140_0_2024_W_1_1,140,0,W,1,1
132_2_2024_V_0_1,132,2,V,0,1
215_0_2024_V_0_2,215,0,V,0,2
145_0_2024_V_0_1,145,0,V,0,1
66_1_2024_V_4_1,66,1,V,4,1
107_2_2024_V_0_2,107,2,V,0,2
84_1_2024_W_1_2,84,1,W,1,2
75_0_2024_V_0_1,75,0,V,0,1
49_1_2024_V_0_2,49,1,V,0,2
405_1_2024_W_1_2,405,1,W,1,2
186_2_2024_V_0_3,186,2,V,0,3
277_0_2024_V_0_2,277,0,V,0,2
367_1_2023_I_4_1,367,1,I,4,1
75_1_2024_V_0_1,75,1,V,0,1
242_1_2024_V_0_3,242,1,V,0,3
372_0_2024_V_0_2,372,0,V,0,2
303_2_2024_W_1_2,303,2,W,1,2
180_2_2023_I_1_2,180,2,I,1,2
453_1_2023_I_0_3,453,1,I,0,3
132_0_2024_V_0_1,132,0,V,0,1
113_2_2024_V_0_2,113,2,V,0,2
426_2_2024_V_0_3,426,2,V,0,3
301_0_2024_W_0_2,301,0,W,0,2
364_1_2024_V_0_1,364,1,V,0,1
165_1_2023_S_1_2,165,1,S,1,2
97_2_2024_V_0_1,97,2,V,0,1
202_2_2024_V_0_2,202,2,V,0,2
130_1_2024_V_0_3,130,1,V,0,3
199_1_2024_V_0_3,199,1,V,0,3
382_2_2024_V_0_2,382,2,V,0,2
50_0_2023_I_0_3,50,0,I,0,3
137_1_2024_V_1_1,137,1,V,1,1
56_0_2024_V_0_1,56,0,V,0,1
111_0_2024_V_1_1,111,0,V,1,1
141_1_2024_V_0_3,141,1,V,0,3
295_0_2024_V_0_1,295,0,V,0,1
353_2_2024_V_0_3,353,2,V,0,3
269_0_2023_I_2_1,269,0,I,2,1
384_1_2022_I_4_1,384,1,I,4,1
322_0_2024_V_0_3,322,0,V,0,3
321_1_2021_I_4_1,321,1,I,4,1
131_0_2024_V_0_1,131,0,V,0,1
207_1_2024_V_0_3,207,1,V,0,3
202_0_2024_V_0_2,202,0,V,0,2
218_2_2024_V_0_3,218,2,V,0,3
363_1_2024_W_0_2,363,1,W,0,2
59_1_2024_V_0_2,59,1,V,0,2
114_0_2024_W_0_3,114,0,W,0,3
229_0_2024_V_0_2,229,0,V,0,2
109_0_2024_V_0_1,109,0,V,0,1
12_2_2023_I_1_3,12,2,I,1,3
48_1_2023_V_0_3,48,1,V,0,3
241_1_2024_V_1_3,241,1,V,1,3
412_0_2024_V_0_3,412,0,V,0,3
183_0_2024_V_4_1,183,0,V,4,1
146_0_2024_V_0_1,146,0,V,0,1
57_0_2024_V_1_2,57,0,V,1,2
291_0_2024_V_0_2,291,0,V,0,2
431_0_2024_V_0_2,431,0,V,0,2
348_1_2023_S_0_2,348,1,S,0,2
197_1_2024_V_0_3,197,1,V,0,3
263_0_2023_V_2_3,263,0,V,2,3
30_0_2024_V_0_1,30,0,V,0,1
306_0_2024_V_4_1,306,0,V,4,1
297_2_2023_I_0_1,297,2,I,0,1
209_2_2024_W_0_1,209,2,W,0,1
179_1_2024_V_0_1,179,1,V,0,1
223_0_2024_V_1_2,223,0,V,1,2
282_2_2023_I_0_1,282,2,I,0,1
40_2_2024_V_0_1,40,2,V,0,1
54_0_2024_V_4_1,54,0,V,4,1
317_2_2024_V_0_3,317,2,V,0,3
329_1_2024_V_4_1,329,1,V,4,1
0_1_2024_V_0_3,0,1,V,0,3
313_2_2024_V_0_2,313,2,V,0,2
169_1_2024_V_1_1,169,1,V,1,1
349_1_2024_V_0_3,349,1,V,0,3
456_1_2023_I_2_1,456,1,I,2,1
213_1_2024_V_4_1,213,1,V,4,1
55_1_2024_W_1_3,55,1,W,1,3
94_0_2024_V_0_3,94,0,V,0,3
446_1_2024_V_0_3,446,1,V,0,3
331_1_2024_V_0_3,331,1,V,0,3
339_0_2023_I_0_1,339,0,I,0,1
208_2_2024_V_0_1,208,2,V,0,1
122_0_2024_V_4_1,122,0,V,4,1
425_1_2024_V_0_1,425,1,V,0,1
426_1_2024_V_0_3,426,1,V,0,3
67_0_2024_W_0_1,67,0,W,0,1
84_0_2024_W_1_2,84,0,W,1,2
1_1_2024_V_0_3,1,1,V,0,3
289_2_2024_V_0_1,289,2,V,0,1
351_1_2024_V_4_1,351,1,V,4,1
336_0_2024_V_4_1,336,0,V,4,1
138_1_2024_W_0_1,138,1,W,0,1
361_0_2023_I_0_3,361,0,I,0,3
414_0_2024_V_4_1,414,0,V,4,1
94_1_2024_V_0_3,94,1,V,0,3
292_0_2023_V_4_1,292,0,V,4,1
337_1_2024_V_0_3,337,1,V,0,3
298_2_2023_I_0_1,298,2,I,0,1
80_1_2023_I_0_3,80,1,I,0,3
317_0_2024_V_0_3,317,0,V,0,3
258_0_2024_V_0_2,258,0,V,0,2
171_0_2024_V_0_3,171,0,V,0,3
448_1_2024_V_4_1,448,1,V,4,1
139_0_2024_V_0_1,139,0,V,0,1
11_1_2024_V_0_1,11,1,V,0,1
242_0_2024_V_0_3,242,0,V,0,3
388_2_2024_V_0_3,388,2,V,0,3
116_0_2024_V_0_1,116,0,V,0,1
335_0_2024_V_0_1,335,0,V,0,1
424_1_2024_V_0_3,424,1,V,0,3
417_0_2024_V_0_1,417,0,V,0,1
430_2_2024_V_0_3,430,2,V,0,3
302_1_2023_I_0_2,302,1,I,0,2
220_2_2024_V_0_1,220,2,V,0,1
235_2_2023_I_0_1,235,2,I,0,1
34_0_2023_I_0_3,34,0,I,0,3
470_0_2024_V_0_3,470,0,V,0,3
188_0_2024_V_0_3,188,0,V,0,3
319_0_2023_I_0_1,319,0,I,0,1
121_0_2024_V_0_2,121,0,V,0,2
239_2_2024_V_0_2,239,2,V,0,2
332_1_2024_V_0_1,332,1,V,0,1
235_1_2023_I_0_1,235,1,I,0,1
303_0_2024_W_1_2,303,0,W,1,2
361_1_2023_I_0_3,361,1,I,0,3
143_0_2023_I_0_1,143,0,I,0,1
18_1_2024_V_0_1,18,1,V,0,1
191_2_2024_V_0_1,191,2,V,0,1
417_2_2024_V_0_1,417,2,V,0,1
234_1_2024_V_0_2,234,1,V,0,2
100_2_2023_I_0_1,100,2,I,0,1
439_1_2023_I_4_1,439,1,I,4,1
104_1_2024_V_0_1,104,1,V,0,1
272_0_2024_V_0_3,272,0,V,0,3
184_1_2024_V_0_2,184,1,V,0,2
300_2_2024_V_0_3,300,2,V,0,3
337_2_2024_V_0_3,337,2,V,0,3
1_0_2024_V_0_3,1,0,V,0,3
90_1_2023_I_0_3,90,1,I,0,3
27_2_2024_V_0_2,27,2,V,0,2
197_0_2024_V_0_3,197,0,V,0,3
36_2_2023_I_0_2,36,2,I,0,2
102_1_2024_V_0_3,102,1,V,0,3
240_1_2024_V_0_2,240,1,V,0,2
220_1_2024_V_0_1,220,1,V,0,1
279_1_2023_I_0_1,279,1,I,0,1
315_1_2024_V_0_3,315,1,V,0,3
360_1_2024_V_0_1,360,1,V,0,1
165_2_2023_S_1_2,165,2,S,1,2
410_0_2024_V_0_2,410,0,V,0,2
326_2_2024_V_1_3,326,2,V,1,3
427_0_2024_V_0_3,427,0,V,0,3
206_2_2024_V_0_1,206,2,V,0,1
50_2_2023_I_0_3,50,2,I,0,3
84_2_2023_S_1_2,84,2,S,1,2
347_0_2024_V_4_1,347,0,V,4,1
375_0_2024_V_0_1,375,0,V,0,1
159_1_2023_I_0_3,159,1,I,0,3
316_0_2024_V_0_2,316,0,V,0,2
194_1_2024_V_0_2,194,1,V,0,2
446_0_2024_V_0_3,446,0,V,0,3
266_1_2024_V_0_1,266,1,V,0,1
158_2_2024_V_0_1,158,2,V,0,1
250_0_2024_V_1_3,250,0,V,1,3
457_0_2024_V_0_1,457,0,V,0,1
455_2_2024_V_0_2,455,2,V,0,2
44_2_2024_V_0_1,44,2,V,0,1
203_2_2024_V_0_3,203,2,V,0,3
446_2_2024_V_0_3,446,2,V,0,3
51_0_2024_V_0_2,51,0,V,0,2
182_1_2024_V_4_1,182,1,V,4,1
90_0_2023_I_0_3,90,0,I,0,3
257_0_2024_V_0_3,257,0,V,0,3
262_1_2024_V_0_3,262,1,V,0,3
409_1_2023_I_1_3,409,1,I,1,3
6_0_2023_I_0_3,6,0,I,0,3
82_0_2024_V_1_3,82,0,V,1,3
310_0_2024_V_4_1,310,0,V,4,1
98_2_2024_V_0_2,98,2,V,0,2
110_2_2024_V_0_2,110,2,V,0,2
277_1_2024_V_0_2,277,1,V,0,2
205_2_2024_V_0_3,205,2,V,0,3
217_2_2024_V_0_3,217,2,V,0,3
273_0_2023_I_0_3,273,0,I,0,3
360_0_2024_V_0_1,360,0,V,0,1
253_0_2024_V_0_2,253,0,V,0,2
246_2_2024_V_0_1,246,2,V,0,1
415_1_2024_W_1_3,415,1,W,1,3
153_0_2024_W_0_1,153,0,W,0,1
371_2_2024_V_0_3,371,2,V,0,3
239_0_2024_V_0_2,239,0,V,0,2
466_1_2023_I_0_3,466,1,I,0,3
372_1_2024_V_0_2,372,1,V,0,2
215_2_2024_V_0_2,215,2,V,0,2
284_1_2024_W_0_1,284,1,W,0,1
333_1_2024_V_0_1,333,1,V,0,1
151_1_2023_I_0_3,151,1,I,0,3
309_2_2024_V_0_1,309,2,V,0,1
462_0_2024_V_0_2,462,0,V,0,2
25_1_2024_V_0_1,25,1,V,0,1
69_0_2024_V_0_2,69,0,V,0,2
247_2_2023_I_0_2,247,2,I,0,2
141_2_2024_V_0_3,141,2,V,0,3
300_0_2024_V_0_3,300,0,V,0,3
423_1_2024_V_0_2,423,1,V,0,2
350_1_2024_V_0_1,350,1,V,0,1
235_0_2023_I_0_1,235,0,I,0,1
421_2_2024_V_0_3,421,2,V,0,3
324_0_2024_V_0_3,324,0,V,0,3
102_0_2024_V_0_3,102,0,V,0,3
365_1_2024_V_0_3,365,1,V,0,3
41_2_2024_W_1_2,41,2,W,1,2
386_2_2024_W_0_1,386,2,W,0,1
396_0_2024_V_0_2,396,0,V,0,2
116_1_2024_V_0_1,116,1,V,0,1
448_0_2024_V_4_1,448,0,V,4,1
443_0_2024_V_0_3,443,0,V,0,3
27_1_2024_V_0_2,27,1,V,0,2
64_2_2024_V_0_3,64,2,V,0,3
411_0_2024_V_0_2,411,0,V,0,2
125_0_2024_V_1_2,125,0,V,1,2
204_0_2023_I_0_3,204,0,I,0,3
212_2_2024_V_0_3,212,2,V,0,3
355_0_2024_V_0_1,355,0,V,0,1
124_0_2024_V_0_2,124,0,V,0,2
19_2_2024_V_0_1,19,2,V,0,1
156_2_2024_V_1_3,156,2,V,1,3
142_2_2024_V_1_1,142,2,V,1,1
6_1_2023_I_0_3,6,1,I,0,3
176_1_2023_I_0_2,176,1,I,0,2
167_1_2023_I_0_3,167,1,I,0,3
258_2_2024_V_0_2,258,2,V,0,2
407_0_2024_V_0_3,407,0,V,0,3
311_0_2024_V_0_3,311,0,V,0,3
292_1_2023_V_4_1,292,1,V,4,1
195_1_2023_I_0_2,195,1,I,0,2
33_0_2024_V_0_2,33,0,V,0,2
21_0_2024_V_0_2,21,0,V,0,2
37_2_2024_V_0_2,37,2,V,0,2
126_1_2024_V_0_3,126,1,V,0,3
379_2_2023_I_2_2,379,2,I,2,2
68_0_2023_I_1_2,68,0,I,1,2
440_1_2024_V_1_2,440,1,V,1,2
162_1_2024_V_0_3,162,1,V,0,3
176_2_2023_I_0_2,176,2,I,0,2
340_2_2024_V_0_1,340,2,V,0,1
286_2_2023_I_0_2,286,2,I,0,2
166_0_2024_V_0_3,166,0,V,0,3
16_0_2024_V_0_3,16,0,V,0,3
79_0_2024_V_0_3,79,0,V,0,3
356_1_2024_V_0_1,356,1,V,0,1
46_1_2024_V_0_1,46,1,V,0,1
457_1_2024_V_0_1,457,1,V,0,1
222_2_2024_V_0_3,222,2,V,0,3
108_0_2024_V_0_3,108,0,V,0,3
338_1_2024_V_1_2,338,1,V,1,2
248_0_2024_V_0_3,248,0,V,0,3
129_1_2024_W_0_3,129,1,W,0,3
101_0_2024_V_0_1,101,0,V,0,1
130_2_2024_V_0_3,130,2,V,0,3
177_0_2024_V_4_1,177,0,V,4,1
105_2_2024_V_1_1,105,2,V,1,1
391_1_2024_V_0_1,391,1,V,0,1
25_2_2024_V_0_1,25,2,V,0,1
72_1_2024_V_4_1,72,1,V,4,1
308_2_2024_V_0_1,308,2,V,0,1
397_2_2023_I_0_2,397,2,I,0,2
250_2_2024_V_1_3,250,2,V,1,3
287_0_2024_V_0_2,287,0,V,0,2
172_1_2024_V_0_1,172,1,V,0,1
151_0_2023_I_0_3,151,0,I,0,3
318_0_2020_V_4_1,318,0,V,4,1
224_2_2024_V_0_3,224,2,V,0,3
385_2_2024_V_1_3,385,2,V,1,3
68_2_2023_I_1_2,68,2,I,1,2
93_2_2024_V_0_2,93,2,V,0,2
376_1_2023_I_2_3,376,1,I,2,3
46_0_2024_V_0_1,46,0,V,0,1
34_2_2023_I_0_3,34,2,I,0,3
171_2_2024_V_0_3,171,2,V,0,3
10_1_2024_V_0_3,10,1,V,0,3
470_1_2024_V_0_3,470,1,V,0,3
76_1_2024_V_0_2,76,1,V,0,2
82_2_2024_V_1_3,82,2,V,1,3
134_1_2023_I_0_3,134,1,I,0,3
191_0_2024_V_0_1,191,0,V,0,1
92_2_2024_V_0_2,92,2,V,0,2
285_0_2024_W_0_1,285,0,W,0,1
245_2_2024_W_0_3,245,2,W,0,3
187_0_2024_V_0_1,187,0,V,0,1
279_2_2023_I_0_1,279,2,I,0,1
194_2_2024_V_0_2,194,2,V,0,2
445_0_2024_V_0_3,445,0,V,0,3
157_1_2024_V_1_1,157,1,V,1,1
234_2_2024_V_0_2,234,2,V,0,2
424_2_2024_V_0_3,424,2,V,0,3
465_1_2024_V_4_1,465,1,V,4,1
204_1_2023_I_0_3,204,1,I,0,3
26_1_2024_V_0_1,26,1,V,0,1
9_1_2024_V_4_1,9,1,V,4,1
212_0_2024_V_0_3,212,0,V,0,3
26_0_2024_V_0_1,26,0,V,0,1
86_2_2023_I_0_2,86,2,I,0,2
394_2_2024_V_0_1,394,2,V,0,1
166_1_2024_V_0_3,166,1,V,0,3
274_2_2024_V_0_3,274,2,V,0,3
17_1_2023_V_0_3,17,1,V,0,3
475_2_2023_I_0_1,475,2,I,0,1
7_0_2024_V_4_1,7,0,V,4,1
192_0_2023_V_2_3,192,0,V,2,3
241_0_2024_V_1_3,241,0,V,1,3
319_1_2023_I_0_1,319,1,I,0,1
363_0_2024_W_0_2,363,0,W,0,2
217_0_2024_V_0_3,217,0,V,0,3
32_1_2024_V_0_3,32,1,V,0,3
349_2_2024_V_0_3,349,2,V,0,3
369_0_2024_V_0_1,369,0,V,0,1
72_0_2024_V_4_1,72,0,V,4,1
79_1_2024_V_0_3,79,1,V,0,3
6_2_2023_I_0_3,6,2,I,0,3
127_1_2024_W_0_1,127,1,W,0,1
393_2_2023_I_0_1,393,2,I,0,1
207_2_2024_V_0_3,207,2,V,0,3
185_1_2024_V_0_3,185,1,V,0,3
195_0_2023_I_0_2,195,0,I,0,2
467_1_2024_V_0_3,467,1,V,0,3
432_2_2023_I_0_3,432,2,I,0,3
404_1_2023_I_0_3,404,1,I,0,3
370_2_2024_V_1_1,370,2,V,1,1
319_2_2023_I_0_1,319,2,I,0,1
395_1_2023_I_0_1,395,1,I,0,1
344_0_2024_V_0_1,344,0,V,0,1
389_2_2024_V_0_3,389,2,V,0,3
316_1_2024_V_0_2,316,1,V,0,2
224_0_2024_V_0_3,224,0,V,0,3
341_0_2023_I_0_2,341,0,I,0,2
44_0_2024_V_0_1,44,0,V,0,1
190_0_2024_V_0_1,190,0,V,0,1
418_1_2024_V_0_2,418,1,V,0,2
24_2_2024_V_0_3,24,2,V,0,3
110_1_2024_V_0_2,110,1,V,0,2
337_0_2024_V_0_3,337,0,V,0,3
403_2_2024_W_0_3,403,2,W,0,3
168_0_2024_V_0_2,168,0,V,0,2
146_2_2024_V_0_1,146,2,V,0,1
156_0_2024_V_1_3,156,0,V,1,3
198_0_2024_V_0_1,198,0,V,0,1
252_2_2023_I_0_1,252,2,I,0,1
125_2_2024_V_1_2,125,2,V,1,2
363_2_2024_W_0_2,363,2,W,0,2
16_2_2024_V_0_3,16,2,V,0,3
200_0_2024_V_0_1,200,0,V,0,1
50_1_2023_I_0_3,50,1,I,0,3
444_1_2024_V_0_3,444,1,V,0,3
456_0_2023_I_2_1,456,0,I,2,1
3_1_2024_V_0_2,3,1,V,0,2
283_0_2024_W_0_1,283,0,W,0,1
286_0_2023_I_0_2,286,0,I,0,2
20_0_2024_V_4_1,20,0,V,4,1
360_2_2024_V_0_1,360,2,V,0,1
379_1_2023_I_2_2,379,1,I,2,2
3_0_2024_V_0_2,3,0,V,0,2
271_2_2023_I_1_3,271,2,I,1,3
473_2_2024_W_0_3,473,2,W,0,3
124_2_2024_V_0_2,124,2,V,0,2
289_0_2024_V_0_1,289,0,V,0,1
13_2_2024_V_1_3,13,2,V,1,3
423_0_2024_V_0_2,423,0,V,0,2
77_0_2023_I_0_3,77,0,I,0,3
93_0_2024_V_0_2,93,0,V,0,2
257_2_2024_V_0_3,257,2,V,0,3
428_0_2024_V_1_1,428,0,V,1,1
194_0_2024_V_0_2,194,0,V,0,2
74_2_2024_V_0_1,74,2,V,0,1
436_2_2024_V_0_3,436,2,V,0,3
190_1_2024_V_0_1,190,1,V,0,1
55_0_2024_W_1_3,55,0,W,1,3
245_1_2024_W_0_3,245,1,W,0,3
339_1_2023_I_0_1,339,1,I,0,1
246_1_2024_V_0_1,246,1,V,0,1
307_1_2024_W_0_1,307,1,W,0,1
223_1_2024_V_1_2,223,1,V,1,2
304_1_2024_V_0_1,304,1,V,0,1
31_2_2024_V_0_3,31,2,V,0,3
236_0_2024_V_0_2,236,0,V,0,2
243_0_2023_I_0_3,243,0,I,0,3
414_1_2024_V_4_1,414,1,V,4,1
168_1_2024_V_0_2,168,1,V,0,2
209_0_2024_W_0_1,209,0,W,0,1
164_1_2024_V_0_3,164,1,V,0,3
208_0_2024_V_0_1,208,0,V,0,1
398_0_2023_I_0_2,398,0,I,0,2
254_0_2024_V_4_1,254,0,V,4,1
358_0_2024_W_1_3,358,0,W,1,3
211_1_2024_V_0_3,211,1,V,0,3
290_1_2024_W_1_2,290,1,W,1,2
306_1_2024_V_4_1,306,1,V,4,1
328_2_2024_V_0_1,328,2,V,0,1
116_2_2024_V_0_1,116,2,V,0,1
322_1_2024_V_0_3,322,1,V,0,3
427_1_2024_V_0_3,427,1,V,0,3
381_1_2024_V_0_3,381,1,V,0,3
249_2_2023_I_0_3,249,2,I,0,3
57_1_2024_V_1_2,57,1,V,1,2
43_2_2024_W_0_1,43,2,W,0,1
355_1_2024_V_0_1,355,1,V,0,1
335_1_2024_V_0_1,335,1,V,0,1
47_1_2024_V_0_3,47,1,V,0,3
428_1_2024_V_1_1,428,1,V,1,1
435_2_2023_I_0_2,435,2,I,0,2
131_2_2024_V_0_1,131,2,V,0,1
172_2_2024_V_0_1,172,2,V,0,1
117_1_2024_V_0_3,117,1,V,0,3
316_2_2024_V_0_2,316,2,V,0,2
309_1_2024_V_0_1,309,1,V,0,1
345_1_2021_I_4_1,345,1,I,4,1
122_1_2024_V_4_1,122,1,V,4,1
73_1_2024_V_0_3,73,1,V,0,3
160_1_2024_V_0_1,160,1,V,0,1
461_0_2024_V_0_2,461,0,V,0,2
91_2_2024_V_1_3,91,2,V,1,3
354_1_2024_V_0_2,354,1,V,0,2
405_0_2024_W_1_2,405,0,W,1,2
92_0_2024_V_0_2,92,0,V,0,2
205_1_2024_V_0_3,205,1,V,0,3
332_0_2024_V_0_1,332,0,V,0,1
301_1_2024_W_0_2,301,1,W,0,2
389_0_2024_V_0_3,389,0,V,0,3
156_1_2024_V_1_3,156,1,V,1,3
228_1_2024_V_0_1,228,1,V,0,1
231_1_2024_V_0_1,231,1,V,0,1
369_2_2024_V_0_1,369,2,V,0,1
138_0_2024_W_0_1,138,0,W,0,1
442_2_2024_V_1_3,442,2,V,1,3
71_1_2024_V_1_1,71,1,V,1,1
23_2_2024_V_0_2,23,2,V,0,2
429_2_2024_V_0_3,429,2,V,0,3
368_1_2024_V_0_2,368,1,V,0,2
78_1_2024_V_1_1,78,1,V,1,1
207_0_2024_V_0_3,207,0,V,0,3
312_0_2024_V_0_3,312,0,V,0,3
29_1_2024_V_0_3,29,1,V,0,3
164_2_2024_V_0_3,164,2,V,0,3
139_2_2024_V_0_3,139,2,V,0,3
368_2_2024_V_0_2,368,2,V,0,2
123_2_2024_V_0_3,123,2,V,0,3
328_0_2024_V_0_1,328,0,V,0,1
398_1_2023_I_0_2,398,1,I,0,2
278_1_2024_V_1_1,278,1,V,1,1
440_2_2024_V_1_2,440,2,V,1,2
324_2_2024_V_0_3,324,2,V,0,3
225_2_2024_V_0_3,225,2,V,0,3
87_0_2024_V_0_3,87,0,V,0,3
1_2_2024_V_0_3,1,2,V,0,3
175_0_2024_W_1_2,175,0,W,1,2
10_0_2024_V_0_3,10,0,V,0,3
161_0_2024_V_1_1,161,0,V,1,1
268_0_2024_W_1_1,268,0,W,1,1
45_1_2024_W_0_1,45,1,W,0,1
369_1_2024_V_0_1,369,1,V,0,1
22_2_2024_V_0_1,22,2,V,0,1
287_1_2024_V_0_2,287,1,V,0,2
41_1_2024_W_1_2,41,1,W,1,2
8_0_2024_V_0_1,8,0,V,0,1
4_0_2024_V_0_2,4,0,V,0,2
35_0_2024_V_1_1,35,0,V,1,1
437_0_2024_V_0_3,437,0,V,0,3
265_2_2023_I_0_2,265,2,I,0,2
340_0_2024_V_0_1,340,0,V,0,1
390_2_2024_V_0_2,390,2,V,0,2
370_1_2024_V_1_1,370,1,V,1,1
242_2_2024_V_0_3,242,2,V,0,3
401_1_2023_S_1_2,401,1,S,1,2
67_2_2024_V_0_1,67,2,V,0,1
99_0_2024_V_0_1,99,0,V,0,1
268_1_2024_W_1_1,268,1,W,1,1
120_0_2024_V_2_1,120,0,V,2,1
364_2_2024_V_0_2,364,2,V,0,2
109_1_2024_V_0_1,109,1,V,0,1
355_2_2024_V_0_1,355,2,V,0,1
247_0_2023_I_0_2,247,0,I,0,2
231_0_2024_V_0_1,231,0,V,0,1
350_0_2024_V_0_1,350,0,V,0,1
231_2_2024_V_0_1,231,2,V,0,1
216_0_2023_V_4_1,216,0,V,4,1
425_2_2024_V_0_1,425,2,V,0,1
52_2_2023_I_0_3,52,2,I,0,3
251_0_2024_V_0_1,251,0,V,0,1
115_0_2023_I_0_3,115,0,I,0,3
160_2_2024_V_0_1,160,2,V,0,1
79_2_2024_V_0_3,79,2,V,0,3
175_1_2024_W_1_2,175,1,W,1,2
218_0_2024_V_0_3,218,0,V,0,3
399_1_2023_I_0_1,399,1,I,0,1
404_0_2023_I_0_3,404,0,I,0,3
175_2_2024_W_1_2,175,2,W,1,2
393_1_2023_I_0_1,393,1,I,0,1
301_2_2024_W_0_2,301,2,W,0,2
53_1_2023_I_0_3,53,1,I,0,3
47_0_2024_V_0_3,47,0,V,0,3
62_1_2024_V_4_1,62,1,V,4,1
161_1_2024_V_1_1,161,1,V,1,1
318_1_2020_V_4_1,318,1,V,4,1
98_1_2024_V_0_2,98,1,V,0,2
293_1_2024_V_0_3,293,1,V,0,3
38_2_2024_V_0_1,38,2,V,0,1
62_0_2024_V_4_1,62,0,V,4,1
120_2_2024_V_2_1,120,2,V,2,1
396_1_2024_V_0_2,396,1,V,0,2
385_0_2024_V_1_3,385,0,V,1,3
187_1_2024_V_0_1,187,1,V,0,1
237_0_2024_V_0_3,237,0,V,0,3
129_2_2024_W_0_3,129,2,W,0,3
356_0_2024_V_0_1,356,0,V,0,1
193_0_2023_I_0_1,193,0,I,0,1
70_0_2024_V_4_1,70,0,V,4,1
346_1_2023_I_0_1,346,1,I,0,1
284_2_2024_W_0_1,284,2,W,0,1
440_0_2024_V_1_2,440,0,V,1,2
33_2_2024_V_0_2,33,2,V,0,2
223_2_2024_V_1_2,223,2,V,1,2
401_0_2023_S_1_2,401,0,S,1,2
65_0_2024_V_4_1,65,0,V,4,1
38_1_2024_V_0_1,38,1,V,0,1
148_1_2023_I_4_1,148,1,I,4,1
343_0_2024_V_1_2,343,0,V,1,2
240_2_2024_V_0_2,240,2,V,0,2
271_0_2023_I_1_3,271,0,I,1,3
76_2_2024_V_0_2,76,2,V,0,2
147_1_2023_S_0_1,147,1,S,0,1
152_1_2024_V_0_2,152,1,V,0,2
185_2_2024_V_0_3,185,2,V,0,3
101_1_2024_V_0_1,101,1,V,0,1
401_2_2023_S_1_2,401,2,S,1,2
376_0_2023_I_2_3,376,0,I,2,3
227_0_2024_V_0_3,227,0,V,0,3
58_0_2024_V_1_1,58,0,V,1,1
404_2_2023_I_0_3,404,2,I,0,3
77_2_2023_I_0_3,77,2,I,0,3
112_1_2024_V_0_3,112,1,V,0,3
354_0_2024_V_0_2,354,0,V,0,2
82_1_2024_V_1_3,82,1,V,1,3
176_0_2023_I_0_2,176,0,I,0,2
86_0_2023_I_0_2,86,0,I,0,2
34_1_2023_I_0_3,34,1,I,0,3
455_1_2024_V_0_2,455,1,V,0,2
5_2_2024_V_0_2,5,2,V,0,2
123_1_2024_V_0_3,123,1,V,0,3
180_0_2023_I_1_2,180,0,I,1,2
30_2_2024_V_0_1,30,2,V,0,1
255_2_2024_V_0_3,255,2,V,0,3
383_1_2024_V_0_1,383,1,V,0,1
296_0_2023_I_0_2,296,0,I,0,2
357_0_2024_V_0_1,357,0,V,0,1
333_0_2024_V_0_1,333,0,V,0,1
112_0_2024_V_0_3,112,0,V,0,3
411_1_2024_V_0_2,411,1,V,0,2
124_1_2024_V_0_2,124,1,V,0,2
320_2_2024_V_1_3,320,2,V,1,3
203_1_2024_V_0_3,203,1,V,0,3
438_1_2023_I_4_1,438,1,I,4,1
313_0_2024_V_0_2,313,0,V,0,2
40_1_2024_V_0_1,40,1,V,0,1
88_0_2024_V_1_1,88,0,V,1,1
41_0_2024_W_1_2,41,0,W,1,2
174_2_2024_W_0_3,174,2,W,0,3
126_0_2024_V_0_3,126,0,V,0,3
283_2_2024_W_0_1,283,2,W,0,1
373_1_2023_I_0_2,373,1,I,0,2
37_1_2024_V_0_2,37,1,V,0,2
359_1_2024_V_4_1,359,1,V,4,1
237_2_2024_V_0_3,237,2,V,0,3
298_1_2024_W_0_1,298,1,W,0,1
428_2_2024_V_1_1,428,2,V,1,1
331_2_2024_V_0_3,331,2,V,0,3
417_1_2024_V_0_1,417,1,V,0,1
291_1_2024_V_0_2,291,1,V,0,2
429_0_2024_V_0_3,429,0,V,0,3
272_1_2024_V_0_3,272,1,V,0,3
187_2_2024_V_0_1,187,2,V,0,1
346_0_2023_I_0_1,346,0,I,0,1
132_1_2024_V_0_1,132,1,V,0,1
317_1_2024_V_0_3,317,1,V,0,3
179_0_2024_V_0_1,179,0,V,0,1
153_2_2024_W_0_1,153,2,W,0,1
24_0_2024_V_0_3,24,0,V,0,3
85_1_2024_V_0_3,85,1,V,0,3
81_2_2024_V_0_3,81,2,V,0,3
178_1_2023_V_0_3,178,1,V,0,3
196_0_2024_V_0_2,196,0,V,0,2
26_2_2024_V_0_1,26,2,V,0,1
248_2_2024_V_0_3,248,2,V,0,3
298_0_2024_W_0_1,298,0,W,0,1
353_1_2024_V_0_3,353,1,V,0,3
344_2_2024_V_0_1,344,2,V,0,1
126_2_2024_V_0_3,126,2,V,0,3
270_1_2023_I_0_2,270,1,I,0,2
244_0_2024_V_0_3,244,0,V,0,3
447_2_2024_V_0_3,447,2,V,0,3
21_2_2024_V_0_2,21,2,V,0,2
391_2_2024_V_0_1,391,2,V,0,1
135_0_2024_V_0_2,135,0,V,0,2
374_1_2023_I_0_1,374,1,I,0,1
66_0_2024_V_4_1,66,0,V,4,1
299_1_2024_V_0_2,299,1,V,0,2
264_1_2024_V_1_1,264,1,V,1,1
23_0_2024_V_0_2,23,0,V,0,2
202_1_2024_V_0_2,202,1,V,0,2
255_1_2024_V_0_3,255,1,V,0,3
388_0_2024_V_0_3,388,0,V,0,3
49_2_2024_V_0_2,49,2,V,0,2
309_0_2024_V_0_1,309,0,V,0,1
238_1_2024_V_0_3,238,1,V,0,3
441_2_2024_V_1_3,441,2,V,1,3
461_1_2024_V_0_2,461,1,V,0,2
383_0_2024_V_0_1,383,0,V,0,1
380_1_2024_V_4_1,380,1,V,4,1
296_1_2023_I_0_2,296,1,I,0,2
35_2_2024_V_1_1,35,2,V,1,1
348_2_2023_S_0_2,348,2,S,0,2
329_0_2024_V_4_1,329,0,V,4,1
113_1_2024_V_0_2,113,1,V,0,2
278_0_2024_V_1_1,278,0,V,1,1
232_0_2024_V_0_3,232,0,V,0,3
39_0_2024_V_0_1,39,0,V,0,1
221_0_2024_V_4_1,221,0,V,4,1
408_1_2024_V_0_2,408,1,V,0,2
157_0_2024_V_1_1,157,0,V,1,1
256_1_2024_V_0_3,256,1,V,0,3
312_1_2024_V_0_3,312,1,V,0,3
260_2_2024_V_0_3,260,2,V,0,3
285_2_2024_W_0_1,285,2,W,0,1
326_0_2024_V_1_3,326,0,V,1,3
409_0_2023_I_1_3,409,0,I,1,3
411_2_2024_V_0_2,411,2,V,0,2
178_2_2023_V_0_3,178,2,V,0,3
357_1_2024_V_0_1,357,1,V,0,1
395_0_2023_I_0_1,395,0,I,0,1
103_2_2024_V_1_3,103,2,V,1,3
2_2_2024_V_0_1,2,2,V,0,1
310_1_2024_V_4_1,310,1,V,4,1
422_1_2024_V_1_1,422,1,V,1,1
204_2_2023_I_0_3,204,2,I,0,3
290_0_2024_W_1_2,290,0,W,1,2
29_2_2024_V_0_3,29,2,V,0,3
190_2_2024_V_0_1,190,2,V,0,1
392_1_2024_V_0_2,392,1,V,0,2
396_2_2024_V_0_2,396,2,V,0,2
152_0_2024_V_0_2,152,0,V,0,2
109_2_2024_V_0_1,109,2,V,0,1
106_1_2024_V_1_2,106,1,V,1,2
155_1_2024_V_0_3,155,1,V,0,3
295_1_2024_V_0_1,295,1,V,0,1
342_1_2024_V_0_1,342,1,V,0,1
114_2_2024_W_0_3,114,2,W,0,3
94_2_2024_V_0_3,94,2,V,0,3
214_0_2024_V_0_1,214,0,V,0,1
61_1_2024_V_0_3,61,1,V,0,3
314_0_2024_V_4_1,314,0,V,4,1
88_2_2024_V_1_1,88,2,V,1,1
73_2_2024_V_0_3,73,2,V,0,3
154_1_2024_V_0_2,154,1,V,0,2
302_0_2023_I_0_2,302,0,I,0,2
152_2_2024_V_0_2,152,2,V,0,2
8_1_2024_V_0_1,8,1,V,0,1
273_1_2023_I_0_3,273,1,I,0,3
39_1_2024_V_0_1,39,1,V,0,1
27_0_2024_V_0_2,27,0,V,0,2
103_1_2024_V_1_3,103,1,V,1,3
201_0_2024_W_0_2,201,0,W,0,2
35_1_2024_V_1_1,35,1,V,1,1
111_2_2024_V_1_1,111,2,V,1,1
264_0_2024_V_1_1,264,0,V,1,1
370_0_2024_V_1_1,370,0,V,1,1
274_1_2024_V_0_3,274,1,V,0,3
142_1_2024_V_1_1,142,1,V,1,1
229_2_2024_V_0_2,229,2,V,0,2
255_0_2024_V_0_3,255,0,V,0,3
256_0_2024_V_0_3,256,0,V,0,3
201_2_2024_W_0_2,201,2,W,0,2
277_2_2024_V_0_2,277,2,V,0,2
133_2_2024_V_0_3,133,2,V,0,3
332_2_2024_V_0_1,332,2,V,0,1
173_0_2024_V_4_1,173,0,V,4,1
30_1_2024_V_0_1,30,1,V,0,1
386_1_2024_W_0_1,386,1,W,0,1
170_1_2023_I_0_2,170,1,I,0,2
118_0_2024_V_0_3,118,0,V,0,3
83_1_2024_W_1_1,83,1,W,1,1
406_1_2024_V_4_1,406,1,V,4,1
232_2_2024_V_0_3,232,2,V,0,3
443_1_2024_V_0_3,443,1,V,0,3
192_2_2023_V_2_3,192,2,V,2,3
336_1_2024_V_4_1,336,1,V,4,1
315_0_2024_V_0_3,315,0,V,0,3
11_0_2024_V_0_1,11,0,V,0,1
382_1_2024_V_0_2,382,1,V,0,2
78_0_2024_V_1_1,78,0,V,1,1
413_0_2024_V_4_1,413,0,V,4,1
177_1_2024_V_4_1,177,1,V,4,1
141_0_2024_V_0_3,141,0,V,0,3
181_2_2023_I_0_1,181,2,I,0,1
121_2_2024_V_0_2,121,2,V,0,2
48_2_2023_V_0_3,48,2,V,0,3
343_2_2024_V_1_2,343,2,V,1,2
25_0_2024_V_0_1,25,0,V,0,1
293_0_2024_V_0_3,293,0,V,0,3
5_1_2024_V_0_2,5,1,V,0,2
311_2_2024_V_0_3,311,2,V,0,3
387_1_2023_I_0_3,387,1,I,0,3
455_0_2024_V_0_2,455,0,V,0,2
209_1_2024_W_0_1,209,1,W,0,1
155_2_2024_V_0_3,155,2,V,0,3
437_2_2024_V_0_3,437,2,V,0,3
268_2_2024_W_1_1,268,2,W,1,1
403_0_2024_W_0_3,403,0,W,0,3
213_0_2024_V_4_1,213,0,V,4,1
217_1_2024_V_0_3,217,1,V,0,3
349_0_2024_V_0_3,349,0,V,0,3
251_2_2024_V_0_1,251,2,V,0,1
47_2_2024_V_0_3,47,2,V,0,3
53_0_2023_I_0_3,53,0,I,0,3
342_0_2024_V_0_1,342,0,V,0,1
434_0_2024_V_0_2,434,0,V,0,2
431_1_2024_V_0_2,431,1,V,0,2
78_2_2023_I_1_1,78,2,I,1,1
339_2_2023_I_0_1,339,2,I,0,1
134_0_2023_I_0_3,134,0,I,0,3
205_0_2024_V_0_3,205,0,V,0,3
48_0_2023_V_0_3,48,0,V,0,3
252_0_2023_I_0_1,252,0,I,0,1
165_0_2023_S_1_2,165,0,S,1,2
95_0_2024_V_1_1,95,0,V,1,1
90_2_2023_I_0_3,90,2,I,0,3
74_0_2024_V_0_1,74,0,V,0,1
101_2_2024_V_0_1,101,2,V,0,1
130_0_2024_V_0_3,130,0,V,0,3
158_0_2024_V_0_1,158,0,V,0,1
80_0_2023_I_0_3,80,0,I,0,3
320_1_2024_V_1_3,320,1,V,1,3
383_2_2024_V_0_1,383,2,V,0,1
382_0_2024_V_0_2,382,0,V,0,2
182_0_2024_V_4_1,182,0,V,4,1
326_1_2024_V_1_3,326,1,V,1,3
11_2_2024_V_0_1,11,2,V,0,1
128_1_2024_V_0_3,128,1,V,0,3
407_2_2024_V_0_3,407,2,V,0,3
422_0_2024_V_1_1,422,0,V,1,1
215_1_2024_V_0_2,215,1,V,0,2
145_2_2024_V_0_1,145,2,V,0,1
381_2_2024_V_0_3,381,2,V,0,3
228_2_2024_V_0_1,228,2,V,0,1
374_2_2023_I_0_1,374,2,I,0,1
465_0_2024_V_4_1,465,0,V,4,1
106_0_2024_V_1_2,106,0,V,1,2
133_0_2024_V_0_3,133,0,V,0,3
220_0_2024_V_0_1,220,0,V,0,1
377_2_2024_V_0_1,377,2,V,0,1
46_2_2024_V_0_1,46,2,V,0,1
243_1_2023_I_0_1,243,1,I,0,1
361_2_2023_I_0_3,361,2,I,0,3
261_0_2024_V_0_1,261,0,V,0,1
100_1_2024_V_0_1,100,1,V,0,1
71_0_2024_V_1_1,71,0,V,1,1
469_2_2024_V_0_1,469,2,V,0,1
249_0_2023_I_0_3,249,0,I,0,3
282_0_2024_W_0_1,282,0,W,0,1
367_0_2023_I_4_1,367,0,I,4,1
211_0_2024_V_0_3,211,0,V,0,3
245_0_2024_W_0_3,245,0,W,0,3
372_2_2024_V_0_2,372,2,V,0,2
127_0_2024_W_0_1,127,0,W,0,1
330_1_2024_V_0_2,330,1,V,0,2
434_2_2024_V_0_2,434,2,V,0,2
278_2_2024_V_1_1,278,2,V,1,1
174_1_2024_W_0_3,174,1,W,0,3
4_2_2024_V_0_2,4,2,V,0,2
375_1_2024_V_0_1,375,1,V,0,1
21_1_2024_V_0_2,21,1,V,0,2
299_0_2024_V_0_2,299,0,V,0,2
327_1_2023_I_4_1,327,1,I,4,1
149_1_2024_W_0_1,149,1,W,0,1
305_2_2024_V_0_2,305,2,V,0,2
226_0_2023_I_4_1,226,0,I,4,1
243_2_2023_I_0_3,243,2,I,0,3
297_0_2023_I_0_2,297,0,I,0,2
330_0_2024_V_0_2,330,0,V,0,2
57_2_2024_V_1_2,57,2,V,1,2
226_1_2023_I_4_1,226,1,I,4,1
321_0_2021_I_4_1,321,0,I,4,1
412_2_2024_V_0_3,412,2,V,0,3
368_0_2024_V_0_2,368,0,V,0,2
253_1_2024_V_0_2,253,1,V,0,2
96_2_2024_V_0_1,96,2,V,0,1
460_1_2024_V_0_3,460,1,V,0,3
450_2_2024_V_0_2,450,2,V,0,2
118_1_2024_V_0_3,118,1,V,0,3
52_1_2023_I_0_3,52,1,I,0,3
436_1_2024_V_0_3,436,1,V,0,3
375_2_2024_V_0_1,375,2,V,0,1
180_1_2023_I_1_2,180,1,I,1,2
230_2_2024_V_0_3,230,2,V,0,3
425_0_2024_V_0_1,425,0,V,0,1
387_2_2023_I_0_3,387,2,I,0,3
65_1_2024_V_4_1,65,1,V,4,1
237_1_2024_V_0_3,237,1,V,0,3
162_0_2024_V_0_3,162,0,V,0,3
390_0_2024_V_0_2,390,0,V,0,2
402_0_2024_V_1_2,402,0,V,1,2
32_2_2024_V_0_3,32,2,V,0,3
89_0_2024_V_0_3,89,0,V,0,3
201_1_2024_W_0_2,201,1,W,0,2
238_2_2024_V_0_3,238,2,V,0,3
353_0_2024_V_0_3,353,0,V,0,3
199_2_2024_V_0_3,199,2,V,0,3
454_2_2023_I_0_3,454,2,I,0,3
323_0_2024_W_1_1,323,0,W,1,1
230_1_2024_V_0_3,230,1,V,0,3
232_1_2024_V_0_3,232,1,V,0,3
163_1_2024_V_4_1,163,1,V,4,1
69_1_2024_V_0_2,69,1,V,0,2
460_2_2024_V_0_3,460,2,V,0,3
184_2_2024_V_0_2,184,2,V,0,2
81_0_2024_V_0_3,81,0,V,0,3
191_1_2024_V_0_1,191,1,V,0,1
399_2_2023_I_0_1,399,2,I,0,1
307_0_2024_W_0_1,307,0,W,0,1
260_0_2024_V_0_3,260,0,V,0,3
12_0_2023_I_1_3,12,0,I,1,3
121_1_2024_V_0_2,121,1,V,0,2
200_2_2024_V_0_1,200,2,V,0,1
43_1_2024_W_0_1,43,1,W,0,1
70_1_2024_V_4_1,70,1,V,4,1
377_1_2024_V_0_1,377,1,V,0,1
36_1_2024_W_0_2,36,1,W,0,2
345_0_2021_I_4_1,345,0,I,4,1
197_2_2024_V_0_3,197,2,V,0,3
19_0_2024_V_0_1,19,0,V,0,1
31_1_2024_V_0_3,31,1,V,0,3
36_0_2024_W_0_2,36,0,W,0,2
394_1_2024_V_0_1,394,1,V,0,1
388_1_2024_V_0_3,388,1,V,0,3
341_1_2023_I_0_2,341,1,I,0,2
137_0_2024_V_1_1,137,0,V,1,1
0_0_2024_V_0_3,0,0,V,0,3
334_1_2024_V_0_2,334,1,V,0,2
63_0_2024_V_4_1,63,0,V,4,1
433_0_2024_V_0_1,433,0,V,0,1
358_1_2024_W_1_3,358,1,W,1,3
128_2_2024_V_0_3,128,2,V,0,3
391_0_2024_V_0_1,391,0,V,0,1
2_0_2024_V_0_1,2,0,V,0,1
338_0_2024_V_1_2,338,0,V,1,2
457_2_2024_V_0_1,457,2,V,0,1
159_2_2023_I_0_3,159,2,I,0,3
261_2_2024_V_0_1,261,2,V,0,1
347_1_2024_V_4_1,347,1,V,4,1
185_0_2024_V_0_3,185,0,V,0,3
196_1_2024_V_0_2,196,1,V,0,2
359_0_2024_V_4_1,359,0,V,4,1
357_2_2024_V_0_1,357,2,V,0,1
108_1_2024_V_0_3,108,1,V,0,3
346_2_2023_I_0_1,346,2,I,0,1
53_2_2023_I_0_3,53,2,I,0,3
61_2_2024_V_0_3,61,2,V,0,3
420_2_2024_V_0_2,420,2,V,0,2
198_1_2024_V_0_1,198,1,V,0,1
32_0_2024_V_0_3,32,0,V,0,3
286_1_2023_I_0_2,286,1,I,0,2
313_1_2024_V_0_2,313,1,V,0,2
466_2_2023_I_0_3,466,2,I,0,3
107_1_2024_V_0_2,107,1,V,0,2
467_0_2024_V_0_3,467,0,V,0,3
164_0_2024_V_0_3,164,0,V,0,3
45_2_2024_V_0_1,45,2,V,0,1
24_1_2024_V_0_3,24,1,V,0,3
151_2_2023_I_0_3,151,2,I,0,3
168_2_2024_V_0_2,168,2,V,0,2
104_0_2024_V_0_1,104,0,V,0,1
59_2_2024_V_0_2,59,2,V,0,2
147_2_2023_S_0_1,147,2,S,0,1
99_2_2024_V_0_1,99,2,V,0,1
